[{"espnLink": "https://www.espncricinfo.com/series/icc-cricket-world-cup-2019-1144415/england-vs-australia-2nd-semi-final-1144529/ball-by-ball-commentary", "momentBall": 19.4, "momentInning": 1, "serialId": "1144415", "matchId": "1144529", "teams": {"teamA": "Australia", "teamB": "England"}, "match_no": "Not Available", "stage": "2nd Semi-final", "date": "2019-07-11", "tournament": " ICC Cricket World Cup", "score": {"Score_A": "223", "Score_B": "(32.1/50 ov, T:224) 226/2"}, "winner": "England won by 8 wickets (with 107 balls remaining)", "raw": ["2nd Semi-final", " Birmingham", " July 11", " 2019", " ICC Cricket World Cup"], "commentary": {"title": "Rashid to Smith, 1 run", "commentary": "tossed up, spinning a touch as Smith goes back and taps into the covers"}}, {"espnLink": "https://www.espncricinfo.com/series/icc-under-19-world-cup-2012-526969/australia-under-19s-vs-england-under-19s-2nd-match-group-a-554517/full-scorecard", "momentBall": 31.6, "momentInning": 2, "serialId": "526969", "matchId": "554517", "teams": {"teamA": "England Under-19s", "teamB": "Australia Under-19s"}, "match_no": "2nd Match", "stage": " Group A", "date": "2012-08-11", "tournament": " ICC Under-19 World Cup", "score": {"Score_A": "143", "Score_B": "(35.1/50 ov, T:144) 147/4"}, "winner": "Aust U19 won by 6 wickets (with 89 balls remaining)", "raw": ["2nd Match", " Group A", " Townsville", " August 11", " 2012", " ICC Under-19 World Cup"], "commentary": {"title": "Overton to Bosisto, ", "commentary": "beats the outside edge with a ball that straightens after pitching"}}, {"espnLink": "https://www.espncricinfo.com/series/icc-u-19-wc-2017-18-1116872/australia-under-19s-vs-england-under-19s-quarter-final-1116922/full-scorecard", "momentBall": 19.2, "momentInning": 2, "serialId": "1116872", "matchId": "1116922", "teams": {"teamA": "Australia Under-19s", "teamB": "England Under-19s"}, "match_no": "Not Available", "stage": "Quarter-Final", "date": "2018-01-23", "tournament": " ICC Under-19 World Cup", "score": {"Score_A": "127", "Score_B": "(23.4/50 ov, T:128) 96"}, "winner": "Aust U19 won by 31 runs", "raw": ["Quarter-Final", " Queenstown", " January 23", " 2018", " ICC Under-19 World Cup"], "commentary": {"title": "Pope to Hollman, OUT", "commentary": "another wicket, spins away to get the outside edge and taken well by the keeper."}}, {"espnLink": "https://www.espncricinfo.com/series/icc-under-19-world-cup-2013-14-700273/australia-under-19s-vs-west-indies-under-19s-2nd-quarter-final-700391/full-scorecard", "momentBall": 44.4, "momentInning": 2, "serialId": "700273", "matchId": "700391", "teams": {"teamA": "West Indies Under-19s", "teamB": "Australia Under-19s"}, "match_no": "Not Available", "stage": "2nd Quarter-Final", "date": "2014-02-23", "tournament": " ICC Under-19 World Cup", "score": {"Score_A": "208", "Score_B": "(46.4/50 ov, T:209) 209/5"}, "winner": "Aust U19 won by 5 wickets (with 20 balls remaining)", "raw": ["2nd Quarter-Final", " Dubai (DSC)", " February 23", " 2014", " ICC Under-19 World Cup"], "commentary": {"title": "Lewis to McDermott, 2 runs", "commentary": "on middle and leg, nudges it through the vacant midwicket region for a couple"}}, {"espnLink": "https://www.espncricinfo.com/series/icc-under-19-world-cup-2013-14-700273/australia-under-19s-vs-south-africa-under-19s-2nd-semi-final-700415/full-scorecard", "momentBall": 48.2, "momentInning": 1, "serialId": "700273", "matchId": "700415", "teams": {"teamA": "South Africa Under-19s", "teamB": "Australia Under-19s"}, "match_no": "Not Available", "stage": "2nd Semi-Final (D/N)", "date": "2014-02-26", "tournament": " ICC Under-19 World Cup", "score": {"Score_A": "230/9", "Score_B": "(42.2/50 ov, T:231) 150"}, "winner": "S Africa U19 won by 80 runs", "raw": ["2nd Semi-Final (D/N)", " Dubai (DSC)", " February 26", " 2014", " ICC Under-19 World Cup"], "commentary": {"title": "Stanlake to Valli, OUT", "commentary": "juggles and takes it! Shuffled across for a fuller ball, too close to play that shot and he drives straight to Short at cover"}}, {"espnLink": "https://www.espncricinfo.com/series/icc-under-19-world-cup-2012-526969/australia-under-19s-vs-south-africa-under-19s-1st-semi-final-554549/ball-by-ball-commentary", "momentBall": 37.5, "momentInning": 2, "serialId": "526969", "matchId": "554549", "teams": {"teamA": "South Africa Under-19s", "teamB": "Australia Under-19s"}, "match_no": "Not Available", "stage": "1st Semi-Final", "date": "2012-08-21", "tournament": " ICC Under-19 World Cup", "score": {"Score_A": "191/8", "Score_B": "(48.3/50 ov, T:192) 193/6"}, "winner": "Aust U19 won by 4 wickets (with 9 balls remaining)", "raw": ["1st Semi-Final", " Townsville", " August 21", " 2012", " ICC Under-19 World Cup"], "commentary": {"title": "Savage to Bancroft, FOUR runs", "commentary": "short of a length and pulled in the air past the bowler and down the ground to long on fence."}}, {"espnLink": "https://www.espncricinfo.com/series/icc-cricket-world-cup-2019-1144415/india-vs-new-zealand-1st-semi-final-1144528/ball-by-ball-commentary", "momentBall": 22.5, "momentInning": 1, "serialId": "1144415", "matchId": "1144528", "teams": {"teamA": "New Zealand", "teamB": "India"}, "match_no": "Not Available", "stage": "1st Semi-final", "date": "2019-07-09", "tournament": " ICC Cricket World Cup", "score": {"Score_A": "239/8", "Score_B": "(49.3/50 ov, T:240) 221"}, "winner": "New Zealand won by 18 runs", "raw": ["1st Semi-final", " Manchester", " July 09 - 10", " 2019", " ICC Cricket World Cup"], "commentary": {"title": "Jadeja to Taylor, 1 run", "commentary": "fired outside off, this non-turner is forced past a diving short cover to wide long-off"}}, {"espnLink": "https://www.espncricinfo.com/series/icc-under-19-world-cup-2021-22-1289790/australia-under-19s-vs-pakistan-under-19s-super-league-quarter-final-3-1289823/full-scorecard", "momentBall": 39.5, "momentInning": 1, "serialId": "1289790", "matchId": "1289823", "teams": {"teamA": "Australia Under-19s", "teamB": "Pakistan Under-19s"}, "match_no": "Not Available", "stage": "Super League Quarter-Final 3", "date": "2022-01-28", "tournament": " ICC Under-19 World Cup", "score": {"Score_A": "276/7", "Score_B": "(35.1/50 ov, T:277) 157"}, "winner": "Aust U19 won by 119 runs", "raw": ["Super League Quarter-Final 3", " North Sound", " January 28", " 2022", " ICC Under-19 World Cup"], "commentary": {"title": "Awais Ali to Connolly, 2 runs", "commentary": "touch short, punched to wide of sweeper for couple of runs"}}, {"espnLink": "https://www.espncricinfo.com/series/icc-world-twenty20-2012-13-531597/australia-vs-west-indies-8th-match-group-b-533279/full-scorecard", "momentBall": 5.2, "momentInning": 1, "serialId": "531597", "matchId": "533279", "teams": {"teamA": "West Indies", "teamB": "Australia"}, "match_no": "8th Match", "stage": " Group B (N)", "date": "2012-09-22", "tournament": " ICC World Twenty20", "score": {"Score_A": "191/8", "Score_B": "(9.1/9.1 ov, T:84) 100/1"}, "winner": "Australia won by 17 runs (D/L method)", "raw": ["8th Match", " Group B (N)", " Colombo (RPS)", " September 22", " 2012", " ICC World Twenty20"], "commentary": {"title": "Christian to Charles, OUT", "commentary": "more timber. Not as comprehensive as the first wicket, but Australia needed this more desperately. Seems like a slower ball that kicked at him, hit the glove as he looked to run this down to third man, and rolled over to the stumps. In fact it's a big offcutter that hits his arm and ricochets onto the stumps"}}, {"espnLink": "https://www.espncricinfo.com/series/icc-champions-trophy-2017-1022345/pakistan-vs-sri-lanka-12th-match-group-b-1022369/full-scorecard", "momentBall": 49.2, "momentInning": 1, "serialId": "1022345", "matchId": "1022369", "teams": {"teamA": "Sri Lanka", "teamB": "Pakistan"}, "match_no": "Not Available", "stage": "12th Match Group B", "date": "2017-06-12", "tournament": " ICC Champions Trophy", "score": {"Score_A": "236", "Score_B": "(44.5/50 ov, T:237) 237/7"}, "winner": "Pakistan won by 3 wickets (with 31 balls remaining)", "raw": ["12th Match Group B", " Cardiff", " June 12", " 2017", " ICC Champions Trophy"], "commentary": {"title": "Faheem to Pradeep, OUT", "commentary": "squared up by the length. Looks to work this skiddy short of length delivery from outside off towards midwicket but ends up getting a leading edge back to the bowler. As far as return catches go, it can't get simpler than that."}}, {"espnLink": "https://www.espncricinfo.com/series/icc-under-19-world-cup-2012-526969/australia-under-19s-vs-nepal-under-19s-9th-match-group-a-554527/ball-by-ball-commentary", "momentBall": 3.6, "momentInning": 2, "serialId": "526969", "matchId": "554527", "teams": {"teamA": "Australia Under-19s", "teamB": "Nepal Under-19s"}, "match_no": "9th Match", "stage": " Group A", "date": "2012-08-13", "tournament": " ICC Under-19 World Cup", "score": {"Score_A": "294/7", "Score_B": "(23.5/50 ov, T:295) 82"}, "winner": "Aust U19 won by 212 runs", "raw": ["9th Match", " Group A", " Townsville", " August 13", " 2012", " ICC Under-19 World Cup"], "commentary": {"title": "Conway to Budayair, OUT", "commentary": "another wicket for Conway, that is a beauty to the new batsman Budayair, pitches on a good length and he plays down the wrong line, the ball knocks the off stump. Two in two for Conway, when he comes back next over he has a chance to get a hat-trick."}}, {"espnLink": "https://www.espncricinfo.com/series/under-19-world-cup-2019-20-1204639/australia-under-19s-vs-england-under-19s-16th-match-group-b-1204690/full-scorecard", "momentBall": 0.6, "momentInning": 2, "serialId": "1204639", "matchId": "1204690", "teams": {"teamA": "England Under-19s", "teamB": "Australia Under-19s"}, "match_no": "16th Match", "stage": " Group B", "date": "2020-01-23", "tournament": " ICC Under-19 World Cup", "score": {"Score_A": "252/7", "Score_B": "(50 ov, T:253) 253/8"}, "winner": "Aust U19 won by 2 wickets (with 0 balls remaining)", "raw": ["16th Match", " Group B", " Kimberley", " January 23", " 2020", " ICC Under-19 World Cup"], "commentary": {"title": "Balderson to J Fraser-McGurk, FOUR runs", "commentary": null}}, {"espnLink": "https://www.espncricinfo.com/series/icc-under-19-world-cup-2013-14-700273/australia-under-19s-vs-south-africa-under-19s-2nd-semi-final-700415/ball-by-ball-commentary", "momentBall": 37.4, "momentInning": 2, "serialId": "700273", "matchId": "700415", "teams": {"teamA": "South Africa Under-19s", "teamB": "Australia Under-19s"}, "match_no": "Not Available", "stage": "2nd Semi-Final (D/N)", "date": "2014-02-26", "tournament": " ICC Under-19 World Cup", "score": {"Score_A": "230/9", "Score_B": "(42.2/50 ov, T:231) 150"}, "winner": "S Africa U19 won by 80 runs", "raw": ["2nd Semi-Final (D/N)", " Dubai (DSC)", " February 26", " 2014", " ICC Under-19 World Cup"], "commentary": {"title": "Dill to Bazley, 2 runs", "commentary": "short and a miscued pull over the keepers head"}}, {"espnLink": "https://www.espncricinfo.com/series/icc-u-19-wc-2017-18-1116872/australia-under-19s-vs-england-under-19s-quarter-final-1116922/full-scorecard", "momentBall": 24.2, "momentInning": 1, "serialId": "1116872", "matchId": "1116922", "teams": {"teamA": "Australia Under-19s", "teamB": "England Under-19s"}, "match_no": "Not Available", "stage": "Quarter-Final", "date": "2018-01-23", "tournament": " ICC Under-19 World Cup", "score": {"Score_A": "127", "Score_B": "(23.4/50 ov, T:128) 96"}, "winner": "Aust U19 won by 31 runs", "raw": ["Quarter-Final", " Queenstown", " January 23", " 2018", " ICC Under-19 World Cup"], "commentary": {"title": "Hollman to JJS Sangha, 3 runs", "commentary": "cuts once again, an edge down to thirdman, the fielder chases well and pulls it back."}}, {"espnLink": "https://www.espncricinfo.com/series/icc-under-19-world-cup-2012-526969/australia-under-19s-vs-nepal-under-19s-9th-match-group-a-554527/ball-by-ball-commentary", "momentBall": 5.6, "momentInning": 1, "serialId": "526969", "matchId": "554527", "teams": {"teamA": "Australia Under-19s", "teamB": "Nepal Under-19s"}, "match_no": "9th Match", "stage": " Group A", "date": "2012-08-13", "tournament": " ICC Under-19 World Cup", "score": {"Score_A": "294/7", "Score_B": "(23.5/50 ov, T:295) 82"}, "winner": "Aust U19 won by 212 runs", "raw": ["9th Match", " Group A", " Townsville", " August 13", " 2012", " ICC Under-19 World Cup"], "commentary": {"title": "Karki to Peirson, FOUR runs", "commentary": "works it from outside the off stump and whips it through midwicket to the fence."}}, {"espnLink": "https://www.espncricinfo.com/series/icc-under-19-world-cup-2012-526969/australia-under-19s-vs-england-under-19s-2nd-match-group-a-554517/full-scorecard", "momentBall": 32.3, "momentInning": 1, "serialId": "526969", "matchId": "554517", "teams": {"teamA": "England Under-19s", "teamB": "Australia Under-19s"}, "match_no": "2nd Match", "stage": " Group A", "date": "2012-08-11", "tournament": " ICC Under-19 World Cup", "score": {"Score_A": "143", "Score_B": "(35.1/50 ov, T:144) 147/4"}, "winner": "Aust U19 won by 6 wickets (with 89 balls remaining)", "raw": ["2nd Match", " Group A", " Townsville", " August 11", " 2012", " ICC Under-19 World Cup"], "commentary": {"title": "Paris to Topley, OUT", "commentary": "fuller ball on the middle stump. Topley is struck on the toe and adjudged LBW"}}, {"espnLink": "https://www.espncricinfo.com/series/icc-under-19-world-cup-2012-526969/australia-under-19s-vs-england-under-19s-2nd-match-group-a-554517/full-scorecard", "momentBall": 12.2, "momentInning": 2, "serialId": "526969", "matchId": "554517", "teams": {"teamA": "England Under-19s", "teamB": "Australia Under-19s"}, "match_no": "2nd Match", "stage": " Group A", "date": "2012-08-11", "tournament": " ICC Under-19 World Cup", "score": {"Score_A": "143", "Score_B": "(35.1/50 ov, T:144) 147/4"}, "winner": "Aust U19 won by 6 wickets (with 89 balls remaining)", "raw": ["2nd Match", " Group A", " Townsville", " August 11", " 2012", " ICC Under-19 World Cup"], "commentary": {"title": "Overton to Patterson, 2 runs", "commentary": null}}, {"espnLink": "https://www.espncricinfo.com/series/under-19-world-cup-2019-20-1204639/australia-under-19s-vs-england-under-19s-16th-match-group-b-1204690/full-scorecard", "momentBall": 25.6, "momentInning": 2, "serialId": "1204639", "matchId": "1204690", "teams": {"teamA": "England Under-19s", "teamB": "Australia Under-19s"}, "match_no": "16th Match", "stage": " Group B", "date": "2020-01-23", "tournament": " ICC Under-19 World Cup", "score": {"Score_A": "252/7", "Score_B": "(50 ov, T:253) 253/8"}, "winner": "Aust U19 won by 2 wickets (with 0 balls remaining)", "raw": ["16th Match", " Group B", " Kimberley", " January 23", " 2020", " ICC Under-19 World Cup"], "commentary": {"title": "Aldridge to Harvey, 2 runs", "commentary": null}}, {"espnLink": "https://www.espncricinfo.com/series/icc-under-19-world-cup-2012-526969/australia-under-19s-vs-england-under-19s-2nd-match-group-a-554517/full-scorecard", "momentBall": 11.1, "momentInning": 1, "serialId": "526969", "matchId": "554517", "teams": {"teamA": "England Under-19s", "teamB": "Australia Under-19s"}, "match_no": "2nd Match", "stage": " Group A", "date": "2012-08-11", "tournament": " ICC Under-19 World Cup", "score": {"Score_A": "143", "Score_B": "(35.1/50 ov, T:144) 147/4"}, "winner": "Aust U19 won by 6 wickets (with 89 balls remaining)", "raw": ["2nd Match", " Group A", " Townsville", " August 11", " 2012", " ICC Under-19 World Cup"], "commentary": {"title": "Steketee to Davies, OUT", "commentary": "short ball and the wicket! The ball raises disconcertingly for Davies as he is looking to drag the bat back inside the line. The ball takes the outside edge and lands safely into the hands of the keeper"}}, {"espnLink": "https://www.espncricinfo.com/series/icc-u-19-wc-2017-18-1116872/australia-under-19s-vs-england-under-19s-quarter-final-1116922/full-scorecard", "momentBall": 3.3, "momentInning": 1, "serialId": "1116872", "matchId": "1116922", "teams": {"teamA": "Australia Under-19s", "teamB": "England Under-19s"}, "match_no": "Not Available", "stage": "Quarter-Final", "date": "2018-01-23", "tournament": " ICC Under-19 World Cup", "score": {"Score_A": "127", "Score_B": "(23.4/50 ov, T:128) 96"}, "winner": "Aust U19 won by 31 runs", "raw": ["Quarter-Final", " Queenstown", " January 23", " 2018", " ICC Under-19 World Cup"], "commentary": {"title": "Pennington to Bryant, 2 runs", "commentary": "short ball and Bryant goes for the pull and gets a top-edge to mid-off, just out of reach of Brook."}}, {"espnLink": "https://www.espncricinfo.com/series/icc-champions-trophy-2017-1022345/england-vs-australia-10th-match-group-a-1022365/full-scorecard", "momentBall": 25.2, "momentInning": 1, "serialId": "1022345", "matchId": "1022365", "teams": {"teamA": "Australia", "teamB": "England"}, "match_no": "Not Available", "stage": "10th Match Group A", "date": "2017-06-10", "tournament": " ICC Champions Trophy", "score": {"Score_A": "277/9", "Score_B": "(40.2/40.2 ov, T:201) 240/4"}, "winner": "England won by 40 runs (D/L method)", "raw": ["10th Match Group A", " Birmingham", " June 10", " 2017", " ICC Champions Trophy"], "commentary": {"title": "Rashid to Henriques, 2 runs", "commentary": "tossed up and this time the stroke is played more confidently, punched down the ground and they get two"}}, {"espnLink": "https://www.espncricinfo.com/series/icc-cricket-world-cup-2019-1144415/australia-vs-south-africa-45th-match-1144527/ball-by-ball-commentary", "momentBall": 17.4, "momentInning": 2, "serialId": "1144415", "matchId": "1144527", "teams": {"teamA": "South Africa", "teamB": "Australia"}, "match_no": "Not Available", "stage": "45th match (D/N)", "date": "2019-07-06", "tournament": " ICC Cricket World Cup", "score": {"Score_A": "325/6", "Score_B": "(49.5/50 ov, T:326) 315"}, "winner": "South Africa won by 10 runs", "raw": ["45th match (D/N)", " Manchester", " July 06", " 2019", " ICC Cricket World Cup"], "commentary": {"title": "Morris to Warner, 1 run", "commentary": "slants a length ball across, Warner deflects this very late to square third man"}}, {"espnLink": "https://www.espncricinfo.com/series/icc-under-19-world-cup-2009-10-418157/australia-under-19s-vs-sri-lanka-under-19s-42nd-match-2nd-semi-final-432034/full-scorecard", "momentBall": 0.4, "momentInning": 2, "serialId": "418157", "matchId": "432034", "teams": {"teamA": "Sri Lanka Under-19s", "teamB": "Australia Under-19s"}, "match_no": "42nd Match", "stage": " 2nd Semi-Final", "date": "2010-01-27", "tournament": " ICC Under-19 World Cup", "score": {"Score_A": "205", "Score_B": "(48.3/50 ov, T:206) 206/8"}, "winner": "Aust U19 won by 2 wickets (with 9 balls remaining)", "raw": ["42nd Match", " 2nd Semi-Final", " Lincoln", " January 27", " 2010", " ICC Under-19 World Cup"], "commentary": {"title": "Peiris to Maddinson, 1 run", "commentary": "swings it towards the pads and he tucks it down to square leg"}}, {"espnLink": "https://www.espncricinfo.com/series/under-19-world-cup-2019-20-1204639/australia-under-19s-vs-england-under-19s-16th-match-group-b-1204690/full-scorecard", "momentBall": 31.3, "momentInning": 2, "serialId": "1204639", "matchId": "1204690", "teams": {"teamA": "England Under-19s", "teamB": "Australia Under-19s"}, "match_no": "16th Match", "stage": " Group B", "date": "2020-01-23", "tournament": " ICC Under-19 World Cup", "score": {"Score_A": "252/7", "Score_B": "(50 ov, T:253) 253/8"}, "winner": "Aust U19 won by 2 wickets (with 0 balls remaining)", "raw": ["16th Match", " Group B", " Kimberley", " January 23", " 2020", " ICC Under-19 World Cup"], "commentary": {"title": "LP Goldsworthy to Davies, 1 run", "commentary": null}}, {"espnLink": "https://www.espncricinfo.com/series/icc-cricket-world-cup-2019-1144415/australia-vs-pakistan-17th-match-1144499/ball-by-ball-commentary", "momentBall": 40.5, "momentInning": 1, "serialId": "1144415", "matchId": "1144499", "teams": {"teamA": "Australia", "teamB": "Pakistan"}, "match_no": "Not Available", "stage": "17th match", "date": "2019-06-12", "tournament": " ICC Cricket World Cup", "score": {"Score_A": "307", "Score_B": "(45.4/50 ov, T:308) 266"}, "winner": "Australia won by 41 runs", "raw": ["17th match", " Taunton", " June 12", " 2019", " ICC Cricket World Cup"], "commentary": {"title": "Wahab Riaz to Marsh, FOUR runs", "commentary": "attempted yorker gone wrong! Full toss driven through cover with ease! It was a gift and he just had to place it in the gap and he did"}}, {"espnLink": "https://www.espncricinfo.com/series/under-19-world-cup-2019-20-1204639/australia-under-19s-vs-england-under-19s-16th-match-group-b-1204690/full-scorecard", "momentBall": 45.2, "momentInning": 2, "serialId": "1204639", "matchId": "1204690", "teams": {"teamA": "England Under-19s", "teamB": "Australia Under-19s"}, "match_no": "16th Match", "stage": " Group B", "date": "2020-01-23", "tournament": " ICC Under-19 World Cup", "score": {"Score_A": "252/7", "Score_B": "(50 ov, T:253) 253/8"}, "winner": "Aust U19 won by 2 wickets (with 0 balls remaining)", "raw": ["16th Match", " Group B", " Kimberley", " January 23", " 2020", " ICC Under-19 World Cup"], "commentary": {"title": "Cullen to T Sangha, 1 run", "commentary": null}}, {"espnLink": "https://www.espncricinfo.com/series/icc-under-19-world-cup-2012-526969/australia-under-19s-vs-england-under-19s-2nd-match-group-a-554517/full-scorecard", "momentBall": 34.4, "momentInning": 2, "serialId": "526969", "matchId": "554517", "teams": {"teamA": "England Under-19s", "teamB": "Australia Under-19s"}, "match_no": "2nd Match", "stage": " Group A", "date": "2012-08-11", "tournament": " ICC Under-19 World Cup", "score": {"Score_A": "143", "Score_B": "(35.1/50 ov, T:144) 147/4"}, "winner": "Aust U19 won by 6 wickets (with 89 balls remaining)", "raw": ["2nd Match", " Group A", " Townsville", " August 11", " 2012", " ICC Under-19 World Cup"], "commentary": {"title": "Overton to Head, 1 run", "commentary": "comes forward and drives it to mid-on for a single"}}, {"espnLink": "https://www.espncricinfo.com/series/icc-cricket-world-cup-2019-1144415/australia-vs-new-zealand-37th-match-1144519/ball-by-ball-commentary", "momentBall": 31.1, "momentInning": 1, "serialId": "1144415", "matchId": "1144519", "teams": {"teamA": "Australia", "teamB": "New Zealand"}, "match_no": "Not Available", "stage": "37th match (D/N)", "date": "2019-06-29", "tournament": " ICC Cricket World Cup", "score": {"Score_A": "243/9", "Score_B": "(43.4/50 ov, T:244) 157"}, "winner": "Australia won by 86 runs", "raw": ["37th match (D/N)", " Lord's", " June 29", " 2019", " ICC Cricket World Cup"], "commentary": {"title": "de Grandhomme to Khawaja, 2 runs", "commentary": "beautiful shot to raise a tough fifty! Shuffling inside the line of a short ball - a short ball at CdG's pace is zero threat - and flicks it behind square leg. Good manipulation of the field"}}, {"espnLink": "https://www.espncricinfo.com/series/icc-u-19-wc-2017-18-1116872/afghanistan-under-19s-vs-australia-under-19s-semi-final-1116936/ball-by-ball-commentary", "momentBall": 47.6, "momentInning": 1, "serialId": "1116872", "matchId": "1116936", "teams": {"teamA": "Afghanistan Under-19s", "teamB": "Australia Under-19s"}, "match_no": "Not Available", "stage": "Semi-Final", "date": "2018-01-29", "tournament": " ICC Under-19 World Cup", "score": {"Score_A": "181", "Score_B": "(37.3/50 ov, T:182) 182/4"}, "winner": "Aust U19 won by 6 wickets (with 75 balls remaining)", "raw": ["Semi-Final", " Christchurch", " January 29", " 2018", " ICC Under-19 World Cup"], "commentary": {"title": "Evans to Zahir Khan, OUT", "commentary": "easy as it comes, full on off, slower ball I reckon and Zahir was ages early into the shot and lobs a dolly to cover fielder."}}]